Date,HomeTeam,AwayTeam,Prob_Home_raw,Prob_Draw_raw,Prob_Away_raw,Prob_Home,Prob_Draw,Prob_Away,Predicted_Result,Expected_Home_Goals,Expected_Away_Goals,Expected_Total_Goals,Home_Has_History,Away_Has_History
2026-10-10 15:00:00+01:00,Cercle Brugge,Anderlecht,0.386,0.311,0.329,0.376,0.303,0.321,H,0.73,0.85,1.58,True,True
2026-10-10 17:15:00+01:00,RAAL La Louviere,Club Brugge,0.357,0.354,0.35,0.337,0.334,0.33,H,0.73,0.85,1.58,True,True
2026-10-10 19:45:00+01:00,Genk,Kortrijk,0.409,0.298,0.328,0.395,0.288,0.317,H,0.77,0.85,1.61,True,True
2026-10-10 19:45:00+01:00,Waregem,Gent,0.39,0.329,0.312,0.378,0.319,0.303,H,0.73,0.85,1.57,True,True
2026-10-11 12:30:00+01:00,Standard,Charleroi,0.382,0.316,0.346,0.366,0.303,0.331,H,0.73,0.85,1.58,True,True
2026-10-11 15:00:00+01:00,St. Gilloise,Oud-Heverlee Leuven,0.483,0.302,0.323,0.436,0.273,0.291,H,0.76,0.85,1.61,True,True
2026-10-11 17:30:00+01:00,Westerlo,Antwerp,0.4,0.306,0.362,0.374,0.286,0.339,H,0.74,0.85,1.58,True,True
2026-10-11 18:15:00+01:00,Mechelen,St Truiden,0.383,0.291,0.387,0.361,0.274,0.365,A,0.73,0.84,1.57,True,True
2026-10-10 14:30:00+01:00,Augsburg,Bayern Munich,0.382,0.327,0.366,0.356,0.304,0.34,H,0.73,0.85,1.58,True,True
2026-10-10 14:30:00+01:00,Hoffenheim,Hamburg,0.403,0.296,0.341,0.388,0.285,0.328,H,0.74,0.85,1.59,True,True
2026-10-10 14:30:00+01:00,Mainz,Leverkusen,0.387,0.314,0.35,0.368,0.299,0.333,H,0.73,0.85,1.58,True,True
2026-10-10 14:30:00+01:00,Paderborn,Stuttgart,0.388,0.316,0.351,0.368,0.299,0.333,H,0.74,0.85,1.59,True,True
2026-10-10 14:30:00+01:00,Union Berlin,Elversberg,0.417,0.294,0.344,0.395,0.279,0.326,H,0.74,0.85,1.58,True,True
2026-10-10 17:30:00+01:00,RB Leipzig,Ein Frankfurt,0.432,0.3,0.338,0.404,0.28,0.316,H,0.74,0.85,1.58,True,True
2026-10-11 14:30:00+01:00,FC Koln,M'gladbach,0.396,0.306,0.348,0.377,0.291,0.332,H,0.74,0.84,1.59,True,True
2026-10-11 16:30:00+01:00,Freiburg,Schalke 04,0.428,0.293,0.306,0.417,0.285,0.298,H,0.73,0.85,1.58,True,True
2026-10-10 12:00:00+01:00,Darmstadt,Cottbus,0.391,0.307,0.395,0.358,0.281,0.361,A,0.74,0.85,1.59,True,True
2026-10-10 12:00:00+01:00,Magdeburg,Hannover,0.399,0.322,0.359,0.369,0.298,0.332,H,0.73,0.85,1.58,True,True
2026-10-10 12:00:00+01:00,Osnabruck,Dresden,0.388,0.296,0.346,0.377,0.287,0.336,H,0.74,0.85,1.59,True,True
2026-10-10 19:30:00+01:00,Nurnberg,Wolfsburg,0.416,0.315,0.344,0.387,0.293,0.32,H,0.73,0.85,1.58,True,True
2026-10-11 12:30:00+01:00,Bochum,Bielefeld,0.413,0.312,0.353,0.383,0.29,0.328,H,0.73,0.85,1.58,True,True
2026-10-11 12:30:00+01:00,Hertha,Greuther Furth,0.418,0.301,0.335,0.397,0.286,0.318,H,0.73,0.85,1.58,True,True
2026-10-11 12:30:00+01:00,St Pauli,Karlsruhe,0.393,0.316,0.348,0.372,0.299,0.329,H,0.74,0.85,1.59,True,True
2026-10-10 12:30:00+01:00,Arsenal,Leeds,0.445,0.311,0.292,0.425,0.297,0.279,H,0.73,0.84,1.57,True,True
2026-10-10 15:00:00+01:00,Aston Villa,Brentford,0.386,0.31,0.356,0.367,0.294,0.339,H,0.74,0.85,1.58,True,True
2026-10-10 15:00:00+01:00,Chelsea,Bournemouth,0.369,0.303,0.344,0.363,0.298,0.339,H,0.73,0.85,1.57,True,True
2026-10-10 15:00:00+01:00,Ipswich,Fulham,0.379,0.314,0.357,0.361,0.299,0.34,H,0.73,0.85,1.58,True,True
2026-10-10 15:00:00+01:00,Sunderland,Brighton,0.372,0.302,0.359,0.36,0.293,0.348,H,0.73,0.85,1.57,True,True
2026-10-10 17:30:00+01:00,Man United,Tottenham,0.427,0.32,0.313,0.403,0.302,0.295,H,0.73,0.85,1.58,True,True
2026-10-11 14:00:00+01:00,Crystal Palace,Nott'm Forest,0.346,0.32,0.358,0.338,0.312,0.35,A,0.74,0.85,1.58,True,True
2026-10-11 14:00:00+01:00,Hull,Everton,0.347,0.339,0.317,0.346,0.338,0.316,H,0.73,0.85,1.57,True,True
2026-10-11 16:30:00+01:00,Liverpool,Man City,0.397,0.314,0.31,0.389,0.308,0.304,H,0.73,0.85,1.57,True,True
2026-10-12 20:00:00+01:00,Coventry,Newcastle,0.408,0.301,0.344,0.387,0.286,0.327,H,0.73,0.85,1.58,True,True
2026-10-10 12:30:00+01:00,Charlton,Bristol City,0.357,0.307,0.362,0.347,0.299,0.353,A,0.73,0.85,1.57,True,True
2026-10-10 12:30:00+01:00,Swansea,Norwich,0.397,0.3,0.316,0.392,0.296,0.312,H,0.73,0.85,1.57,True,True
2026-10-10 12:30:00+01:00,West Brom,Birmingham,0.357,0.314,0.342,0.353,0.31,0.337,H,0.72,0.84,1.57,True,True
2026-10-10 15:00:00+01:00,Blackburn,Cardiff,0.352,0.335,0.359,0.337,0.32,0.343,A,0.73,0.85,1.58,True,True
2026-10-10 15:00:00+01:00,Bolton,Stoke,0.377,0.316,0.324,0.371,0.311,0.318,H,0.73,0.85,1.58,True,True
2026-10-10 15:00:00+01:00,Derby,Wrexham,0.36,0.305,0.36,0.351,0.297,0.352,A,0.76,0.85,1.61,True,True
2026-10-10 15:00:00+01:00,Middlesbrough,Wolves,0.404,0.308,0.36,0.377,0.287,0.336,H,0.73,0.85,1.57,True,True
2026-10-10 15:00:00+01:00,Preston,Millwall,0.394,0.288,0.342,0.385,0.281,0.334,H,0.75,0.85,1.59,True,True
2026-10-10 15:00:00+01:00,Sheffield United,Lincoln,0.36,0.299,0.338,0.361,0.3,0.339,H,0.77,0.85,1.61,True,True
2026-10-10 15:00:00+01:00,Watford,Burnley,0.364,0.313,0.356,0.352,0.304,0.344,H,0.74,0.84,1.58,True,True
2026-10-11 12:00:00+01:00,Southampton,Portsmouth,0.386,0.314,0.331,0.374,0.305,0.321,H,0.73,0.85,1.57,True,True
2026-10-10 12:30:00+01:00,Notts County,Oxford,0.381,0.324,0.317,0.373,0.317,0.31,H,0.73,0.85,1.58,True,True
2026-10-10 12:30:00+01:00,Plymouth,AFC Wimbledon,0.4,0.322,0.326,0.382,0.307,0.311,H,0.73,0.84,1.58,True,True
2026-10-10 15:00:00+01:00,Bradford,Leyton Orient,0.38,0.309,0.32,0.377,0.306,0.317,H,0.73,0.85,1.58,True,True
2026-10-10 15:00:00+01:00,Cambridge,Blackpool,0.385,0.31,0.349,0.369,0.297,0.334,H,0.73,0.84,1.57,True,True
2026-10-10 15:00:00+01:00,Doncaster,Burton,0.386,0.299,0.334,0.379,0.294,0.327,H,0.73,0.84,1.57,True,True
2026-10-10 15:00:00+01:00,Huddersfield,Sheffield Weds,0.414,0.323,0.298,0.4,0.312,0.288,H,0.73,0.85,1.58,True,True
2026-10-10 15:00:00+01:00,Leicester,Peterboro,0.398,0.292,0.337,0.388,0.284,0.328,H,0.76,0.85,1.6,True,True
2026-10-10 15:00:00+01:00,Mansfield,Bromley,0.383,0.29,0.347,0.376,0.284,0.34,H,0.74,0.85,1.58,True,True
2026-10-10 15:00:00+01:00,Milton Keynes Dons,Reading,0.348,0.328,0.379,0.33,0.311,0.359,A,0.73,0.85,1.57,True,True
2026-10-10 15:00:00+01:00,Stevenage,Wigan,0.384,0.31,0.351,0.367,0.297,0.336,H,0.73,0.85,1.58,True,True
2026-10-10 15:00:00+01:00,Stockport,Barnsley,0.415,0.308,0.321,0.398,0.295,0.307,H,0.73,0.85,1.58,True,True
2026-10-10 15:00:00+01:00,Wycombe,Luton,0.37,0.309,0.348,0.36,0.301,0.339,H,0.73,0.84,1.57,True,True
2026-10-10 12:30:00+01:00,Oldham,Accrington,0.415,0.3,0.306,0.406,0.294,0.3,H,0.73,0.85,1.58,True,True
2026-10-10 12:30:00+01:00,Swindon,Crewe,0.388,0.305,0.339,0.376,0.295,0.329,H,0.74,0.85,1.58,True,True
2026-10-10 15:00:00+01:00,Bristol Rvs,Barnet,0.402,0.312,0.348,0.379,0.293,0.328,H,0.73,0.84,1.57,True,True
2026-10-10 15:00:00+01:00,Cheltenham,Salford,0.364,0.306,0.358,0.354,0.298,0.348,H,0.73,0.85,1.57,True,True
2026-10-10 15:00:00+01:00,Crawley Town,Chesterfield,0.364,0.316,0.371,0.347,0.301,0.353,A,0.73,0.85,1.58,True,True
2026-10-10 15:00:00+01:00,Fleetwood Town,Walsall,0.379,0.322,0.329,0.368,0.312,0.32,H,0.73,0.84,1.57,True,True
2026-10-10 15:00:00+01:00,Newport County,Colchester,0.362,0.303,0.334,0.362,0.303,0.334,H,0.73,0.85,1.57,True,True
2026-10-10 15:00:00+01:00,Port Vale,Grimsby,0.359,0.312,0.335,0.357,0.31,0.333,H,0.73,0.84,1.57,True,True
2026-10-10 15:00:00+01:00,Rotherham,Gillingham,0.382,0.314,0.33,0.372,0.306,0.321,H,0.73,0.85,1.57,True,True
2026-10-10 15:00:00+01:00,Shrewsbury,Exeter,0.396,0.327,0.316,0.381,0.315,0.304,H,0.73,0.85,1.57,True,True
2026-10-10 15:00:00+01:00,Tranmere,Rochdale,0.392,0.32,0.308,0.384,0.314,0.302,H,0.73,0.85,1.58,True,True
2026-10-10 15:00:00+01:00,York,Northampton,0.402,0.318,0.315,0.388,0.307,0.304,H,0.73,0.84,1.57,True,True
2026-10-10 12:30:00+01:00,Altrincham,Aldershot,0.386,0.307,0.328,0.378,0.301,0.321,H,0.73,0.84,1.57,True,True
2026-10-10 12:30:00+01:00,Carlisle,Kidderminster,0.405,0.312,0.323,0.389,0.3,0.311,H,0.76,0.85,1.61,True,True
2026-10-10 15:00:00+01:00,Boston Utd,Southend,0.376,0.301,0.348,0.367,0.293,0.34,H,0.73,0.85,1.58,True,True
2026-10-10 15:00:00+01:00,Fylde,Scunthorpe,0.376,0.296,0.334,0.374,0.294,0.332,H,0.73,0.85,1.57,True,True
2026-10-10 15:00:00+01:00,Halifax,Gateshead,0.417,0.296,0.338,0.396,0.281,0.322,H,0.76,0.85,1.61,True,True
2026-10-10 15:00:00+01:00,Hornchurch,Eastleigh,0.381,0.297,0.339,0.374,0.292,0.333,H,0.75,0.84,1.6,True,True
2026-10-10 15:00:00+01:00,Tamworth,Barrow,0.352,0.312,0.342,0.35,0.31,0.34,H,0.73,0.84,1.58,True,True
2026-10-10 15:00:00+01:00,Wealdstone,Yeovil,0.395,0.332,0.352,0.366,0.308,0.326,H,0.73,0.85,1.57,True,True
2026-10-10 15:00:00+01:00,Woking,Harrogate,0.393,0.307,0.318,0.386,0.301,0.313,H,0.73,0.85,1.58,True,True
2026-10-10 15:00:00+01:00,Worthing,Solihull,0.405,0.293,0.318,0.398,0.288,0.313,H,0.74,0.85,1.58,True,True
2026-10-10 17:30:00+01:00,Forest Green,Hartlepool,0.411,0.287,0.326,0.401,0.28,0.318,H,0.74,0.84,1.58,True,True
2026-10-10 16:15:00+01:00,Lille,Le Havre,0.371,0.339,0.309,0.364,0.332,0.303,H,0.73,0.85,1.58,True,True
2026-10-10 19:45:00+01:00,Brest,Angers,0.422,0.309,0.304,0.408,0.299,0.293,H,0.76,0.85,1.61,True,True
2026-10-10 19:45:00+01:00,Lorient,Paris FC,0.325,0.333,0.327,0.33,0.338,0.332,D,0.73,0.85,1.57,True,True
2026-10-10 19:45:00+01:00,Monaco,Toulouse,0.368,0.291,0.324,0.374,0.296,0.33,H,0.73,0.84,1.57,True,True
2026-10-10 19:45:00+01:00,Paris SG,Le Mans,0.417,0.325,0.31,0.396,0.309,0.295,H,0.73,0.85,1.58,True,True
2026-10-11 14:00:00+01:00,Nice,Strasbourg,0.406,0.304,0.335,0.388,0.291,0.321,H,0.74,0.85,1.59,True,True
2026-10-11 16:15:00+01:00,Rennes,Auxerre,0.404,0.308,0.336,0.385,0.294,0.32,H,0.74,0.85,1.59,True,True
2026-10-11 19:45:00+01:00,Troyes,Marseille,0.376,0.303,0.347,0.366,0.296,0.338,H,0.73,0.85,1.57,True,True
2026-10-10 13:00:00+01:00,Clermont,Red Star,0.334,0.339,0.351,0.326,0.331,0.343,A,0.73,0.85,1.57,True,True
2026-10-10 13:00:00+01:00,Nantes,Reims,0.394,0.323,0.328,0.377,0.309,0.314,H,0.74,0.85,1.58,True,True
2026-10-10 19:00:00+01:00,St Etienne,Rodez,0.437,0.295,0.323,0.414,0.28,0.306,H,0.74,0.85,1.59,True,True
2026-10-12 19:45:00+01:00,Dijon,Metz,0.395,0.302,0.34,0.381,0.291,0.328,H,0.74,0.85,1.58,True,True
2026-10-10 17:30:00+01:00,AEK,OFI Crete,0.392,0.316,0.321,0.381,0.307,0.312,H,0.73,0.85,1.58,True,True
2026-10-10 17:30:00+01:00,Asteras Tripolis,Atromitos,0.392,0.308,0.321,0.384,0.301,0.314,H,0.73,0.85,1.57,True,True
2026-10-11 15:00:00+01:00,Iraklis,Levadeiakos,0.371,0.352,0.334,0.352,0.333,0.316,H,0.73,0.85,1.58,False,True
2026-10-11 15:00:00+01:00,Kifisia,Panetolikos,0.377,0.327,0.316,0.369,0.321,0.31,H,0.73,0.84,1.58,True,True
2026-10-11 17:00:00+01:00,Aris,Volos NFC,0.432,0.301,0.304,0.416,0.29,0.293,H,0.74,0.84,1.58,True,True
2026-10-11 19:00:00+01:00,Olympiakos,Panathinaikos,0.403,0.32,0.314,0.389,0.308,0.303,H,0.76,0.85,1.6,True,True
2026-10-12 16:00:00+01:00,PAOK,Kalamata,0.353,0.341,0.36,0.335,0.323,0.341,A,0.76,0.86,1.61,True,False
2026-10-10 14:00:00+01:00,Genoa,Fiorentina,0.362,0.296,0.368,0.353,0.289,0.358,A,0.74,0.85,1.59,True,True
2026-10-10 17:00:00+01:00,Inter,Parma,0.432,0.311,0.308,0.411,0.296,0.293,H,0.73,0.85,1.58,True,True
2026-10-10 19:45:00+01:00,Napoli,Frosinone,0.39,0.336,0.34,0.366,0.315,0.319,H,0.73,0.85,1.58,True,True
2026-10-11 11:30:00+01:00,Como,Roma,0.391,0.334,0.352,0.363,0.31,0.327,H,0.73,0.85,1.58,True,True
2026-10-11 14:00:00+01:00,Lazio,Monza,0.411,0.313,0.34,0.386,0.294,0.319,H,0.74,0.85,1.58,True,True
2026-10-11 14:00:00+01:00,Lecce,Bologna,0.35,0.312,0.322,0.356,0.317,0.327,H,0.73,0.85,1.58,True,True
2026-10-11 17:00:00+01:00,Sassuolo,Milan,0.393,0.291,0.34,0.384,0.285,0.332,H,0.73,0.85,1.58,True,True
2026-10-11 19:45:00+01:00,Cagliari,Juventus,0.386,0.327,0.335,0.368,0.312,0.319,H,0.73,0.85,1.58,True,True
2026-10-12 17:30:00+01:00,Atalanta,Venezia,0.365,0.322,0.338,0.356,0.314,0.33,H,0.74,0.84,1.58,True,True
2026-10-12 19:45:00+01:00,Torino,Udinese,0.371,0.315,0.327,0.366,0.311,0.323,H,0.74,0.85,1.59,True,True
2026-10-10 14:00:00+01:00,Benevento,Cesena,0.386,0.308,0.359,0.367,0.292,0.341,H,0.73,0.85,1.58,True,True
2026-10-10 14:00:00+01:00,Empoli,Palermo,0.353,0.322,0.346,0.346,0.316,0.339,H,0.73,0.85,1.58,True,True
2026-10-10 14:00:00+01:00,Sudtirol,Ascoli,0.347,0.318,0.333,0.348,0.319,0.334,H,0.73,0.85,1.57,True,True
2026-10-10 14:00:00+01:00,Virtus Entella,Juve Stabia,0.398,0.301,0.321,0.39,0.295,0.315,H,0.73,0.84,1.57,True,True
2026-10-10 16:15:00+01:00,Vicenza,Pisa,0.376,0.31,0.336,0.368,0.303,0.328,H,0.73,0.84,1.58,True,True
2026-10-10 18:30:00+01:00,Arezzo,Cremonese,0.396,0.296,0.36,0.377,0.281,0.342,H,0.74,0.85,1.58,True,True
2026-10-11 14:00:00+01:00,Catanzaro,Mantova,0.351,0.307,0.331,0.355,0.31,0.335,H,0.73,0.84,1.57,True,True
2026-10-11 16:15:00+01:00,Padova,Carrarese,0.392,0.3,0.338,0.381,0.291,0.328,H,0.76,0.84,1.6,True,True
2026-10-11 18:30:00+01:00,Modena,Verona,0.401,0.327,0.322,0.382,0.311,0.307,H,0.73,0.84,1.57,True,True
2026-10-10 15:30:00+01:00,Go Ahead Eagles,Sparta Rotterdam,0.41,0.316,0.349,0.381,0.294,0.324,H,0.74,0.85,1.59,True,True
2026-10-10 17:45:00+01:00,Feyenoord,AZ Alkmaar,0.407,0.307,0.359,0.379,0.286,0.335,H,0.73,0.85,1.58,True,True
2026-10-10 19:00:00+01:00,For Sittard,Twente,0.36,0.319,0.377,0.341,0.302,0.357,A,0.73,0.85,1.58,True,True
2026-10-10 20:00:00+01:00,Ajax,Nijmegen,0.452,0.297,0.325,0.421,0.276,0.303,H,0.73,0.85,1.58,True,True
2026-10-11 11:15:00+01:00,Utrecht,Willem II,0.395,0.291,0.35,0.381,0.281,0.338,H,0.75,0.85,1.59,True,True
2026-10-11 13:30:00+01:00,Telstar,Den Haag,0.36,0.29,0.35,0.36,0.29,0.35,H,0.74,0.85,1.59,True,True
2026-10-11 13:30:00+01:00,Zwolle,Cambuur,0.364,0.288,0.339,0.367,0.291,0.342,H,0.74,0.85,1.59,True,True
2026-10-11 15:45:00+01:00,Excelsior,Groningen,0.382,0.307,0.349,0.368,0.296,0.336,H,0.74,0.84,1.58,True,True
2026-10-10 15:30:00+01:00,Casa Pia,Santa Clara,0.35,0.316,0.358,0.342,0.309,0.35,A,0.73,0.85,1.58,True,True
2026-10-10 18:00:00+01:00,Maritimo,Porto,0.341,0.346,0.366,0.324,0.328,0.348,A,0.73,0.85,1.59,True,True
2026-10-10 20:30:00+01:00,Academico Viseu,Estoril,0.366,0.313,0.347,0.357,0.305,0.338,H,0.73,0.85,1.57,True,True
2026-10-11 15:30:00+01:00,Rio Ave,Nacional,0.349,0.301,0.34,0.352,0.304,0.344,H,0.75,0.85,1.6,True,True
2026-10-11 18:00:00+01:00,Benfica,Guimaraes,0.427,0.296,0.328,0.406,0.282,0.312,H,0.73,0.85,1.58,True,True
2026-10-11 20:30:00+01:00,Arouca,Estrela,0.351,0.311,0.32,0.358,0.317,0.326,H,0.73,0.85,1.58,True,True
2026-10-12 20:15:00+01:00,Famalicao,Alverca,0.384,0.322,0.344,0.366,0.307,0.328,H,0.73,0.85,1.57,True,True
2026-10-10 15:00:00+01:00,Dundee United,Hibernian,0.392,0.291,0.362,0.375,0.279,0.346,H,0.73,0.85,1.58,True,True
2026-10-10 15:00:00+01:00,Falkirk,Dundee,0.378,0.327,0.343,0.361,0.312,0.327,H,0.73,0.85,1.58,True,True
2026-10-10 15:00:00+01:00,Hearts,St Mirren,0.439,0.327,0.292,0.415,0.309,0.276,H,0.73,0.84,1.58,True,True
2026-10-10 15:00:00+01:00,Rangers,Kilmarnock,0.441,0.304,0.315,0.416,0.287,0.297,H,0.73,0.85,1.58,True,True
2026-10-11 12:00:00+01:00,Motherwell,Celtic,0.354,0.324,0.373,0.337,0.308,0.355,A,0.73,0.85,1.58,True,True
2026-10-11 14:00:00+01:00,Aberdeen,St Johnstone,0.349,0.302,0.352,0.348,0.301,0.351,A,0.73,0.85,1.58,True,True
2026-10-10 15:00:00+01:00,Arbroath,Morton,0.37,0.309,0.334,0.365,0.305,0.33,H,0.73,0.85,1.58,True,True
2026-10-10 15:00:00+01:00,Ayr,Dunfermline,0.338,0.339,0.34,0.333,0.333,0.334,A,0.73,0.85,1.57,True,True
2026-10-10 15:00:00+01:00,Inverness C,Stenhousemuir,0.379,0.323,0.34,0.364,0.31,0.326,H,0.73,0.85,1.58,True,True
2026-10-10 15:00:00+01:00,Livingston,Partick,0.351,0.336,0.338,0.342,0.328,0.33,H,0.73,0.85,1.57,True,True
2026-10-10 15:00:00+01:00,Raith Rvs,Queens Park,0.417,0.278,0.33,0.407,0.271,0.322,H,0.76,0.85,1.6,True,True
2026-10-10 15:00:00+01:00,Alloa,Hamilton,0.346,0.353,0.308,0.344,0.35,0.306,D,0.73,0.85,1.58,True,True
2026-10-10 15:00:00+01:00,Cove Rangers,East Fife,0.372,0.324,0.323,0.365,0.318,0.317,H,0.73,0.84,1.57,True,True
2026-10-10 15:00:00+01:00,East Kilbride,Airdrie Utd,0.389,0.328,0.313,0.378,0.318,0.304,H,0.73,0.85,1.58,True,True
2026-10-10 15:00:00+01:00,Montrose,Ross County,0.377,0.317,0.337,0.366,0.307,0.327,H,0.73,0.85,1.58,True,True
2026-10-10 15:00:00+01:00,Peterhead,Queen of Sth,0.374,0.31,0.341,0.365,0.303,0.332,H,0.74,0.85,1.58,True,True
2026-10-10 15:00:00+01:00,Annan Athletic,Stranraer,0.369,0.339,0.321,0.358,0.329,0.312,H,0.73,0.85,1.57,True,True
2026-10-10 15:00:00+01:00,Clyde,Dumbarton,0.419,0.287,0.322,0.408,0.279,0.313,H,0.73,0.85,1.58,True,True
2026-10-10 15:00:00+01:00,Edinburgh City,Spartans,0.405,0.301,0.356,0.381,0.283,0.335,H,0.73,0.85,1.58,True,True
2026-10-10 15:00:00+01:00,Forfar,Elgin,0.342,0.276,0.361,0.349,0.282,0.369,A,0.74,0.84,1.58,True,True
2026-10-10 15:00:00+01:00,Stirling,Kelty Hearts,0.361,0.291,0.323,0.37,0.299,0.331,H,0.74,0.85,1.58,True,True
2026-10-10 13:00:00+01:00,Vallecano,Ath Bilbao,0.385,0.295,0.353,0.372,0.285,0.342,H,0.73,0.84,1.58,True,True
2026-10-10 15:15:00+01:00,Alaves,Ath Madrid,0.363,0.321,0.345,0.353,0.312,0.335,H,0.72,0.85,1.57,True,True
2026-10-10 17:30:00+01:00,Barcelona,Getafe,0.447,0.295,0.288,0.434,0.286,0.28,H,0.76,0.85,1.61,True,True
2026-10-10 20:00:00+01:00,Real Madrid,Villarreal,0.414,0.298,0.337,0.395,0.284,0.321,H,0.73,0.85,1.58,True,True
2026-10-11 13:00:00+01:00,Elche,Celta,0.371,0.31,0.345,0.362,0.302,0.336,H,0.75,0.85,1.6,True,True
2026-10-11 15:15:00+01:00,Sociedad,La Coruna,0.407,0.3,0.325,0.394,0.291,0.315,H,0.73,0.85,1.58,True,True
2026-10-11 17:30:00+01:00,Betis,Osasuna,0.407,0.295,0.318,0.399,0.289,0.312,H,0.74,0.85,1.59,True,True
2026-10-11 20:00:00+01:00,Santander,Valencia,0.385,0.296,0.361,0.37,0.284,0.347,H,0.76,0.85,1.61,True,True
2026-10-12 20:00:00+01:00,Levante,Sevilla,0.351,0.32,0.319,0.355,0.323,0.322,H,0.73,0.84,1.57,True,True
2026-10-10 15:15:00+01:00,Ceuta,Sabadell,0.379,0.319,0.321,0.372,0.313,0.315,H,0.73,0.85,1.57,True,True
2026-10-10 17:30:00+01:00,Eldense,Cordoba,0.405,0.317,0.333,0.384,0.3,0.316,H,0.74,0.85,1.59,True,True
2026-10-10 20:00:00+01:00,Celta B,Sociedad B,0.393,0.317,0.345,0.372,0.301,0.327,H,0.73,0.85,1.58,True,True
2026-10-11 13:00:00+01:00,Andorra,Castellon,0.386,0.323,0.358,0.362,0.303,0.336,H,0.73,0.85,1.58,True,True
2026-10-11 15:15:00+01:00,Almeria,Leganes,0.353,0.328,0.331,0.348,0.324,0.327,H,0.73,0.85,1.57,True,True
2026-10-11 17:30:00+01:00,Mallorca,Las Palmas,0.389,0.322,0.311,0.381,0.315,0.304,H,0.73,0.84,1.57,True,True
2026-10-11 20:00:00+01:00,Cadiz,Sp Gijon,0.354,0.309,0.354,0.348,0.304,0.348,H,0.73,0.85,1.57,True,True
2026-10-12 13:00:00+01:00,Valladolid,Albacete,0.385,0.318,0.335,0.371,0.306,0.323,H,0.73,0.85,1.57,True,True
2026-10-12 15:15:00+01:00,Burgos,Granada,0.377,0.31,0.378,0.355,0.291,0.355,A,0.74,0.85,1.59,True,True
2026-10-12 17:30:00+01:00,Oviedo,Eibar,0.378,0.332,0.311,0.37,0.325,0.305,H,0.73,0.85,1.58,True,True
2026-10-12 20:00:00+01:00,Tenerife,Girona,0.371,0.342,0.341,0.352,0.325,0.324,H,0.73,0.85,1.58,True,True
2026-10-10 11:30:00+01:00,Genclerbirligi,Amedspor,0.364,0.323,0.37,0.344,0.306,0.35,A,0.73,0.85,1.58,True,True
2026-10-10 14:00:00+01:00,Alanyaspor,Erzurumspor,0.391,0.309,0.357,0.37,0.292,0.338,H,0.77,0.85,1.61,True,True
2026-10-10 14:00:00+01:00,Samsunspor,Trabzonspor,0.355,0.34,0.376,0.331,0.317,0.351,A,0.73,0.85,1.58,True,True
2026-10-10 17:00:00+01:00,Rizespor,Fenerbahce,0.362,0.329,0.328,0.355,0.323,0.322,H,0.73,0.85,1.58,True,True
2026-10-11 11:30:00+01:00,Konyaspor,Buyuksehyr,0.365,0.298,0.353,0.359,0.294,0.348,H,0.74,0.85,1.59,True,True
2026-10-11 14:00:00+01:00,Gaziantep,Corum,0.383,0.314,0.351,0.366,0.299,0.335,H,0.73,0.85,1.57,True,True
2026-10-11 17:00:00+01:00,Besiktas,Kocaelispor,0.446,0.328,0.287,0.42,0.309,0.271,H,0.73,0.84,1.58,True,True
2026-10-12 18:00:00+01:00,Eyupspor,Goztep,0.386,0.312,0.386,0.356,0.288,0.356,A,0.74,0.85,1.59,True,True
