Date_Evaluated,Gameweek,Matches,Accuracy,Log_Loss,Brier_H,Brier_D,Brier_A,Goals_MAE,Weighted_Acc,Weighted_Loss,Rolling_Acc,Rolling_Loss
2026-05-14 18:21,1,4,0.5,0.9779047901785319,0.3452667885782247,0.20174719046414902,0.0847413612165692,0.5022093338787148,2.0,3.9116191607141277,,
2026-05-14 18:21,2,43,0.6511627906976745,0.7860010575330153,0.17339673775088701,0.17351338515962733,0.12417706690857697,1.0891527556515532,28.000000000000004,33.79804547391966,,
2026-05-14 18:21,3,10,0.7,0.6432957551965359,0.07439665760326772,0.18669907631502008,0.1097392782701849,0.9261338202309469,7.0,6.432957551965359,,
2026-05-14 18:21,4,1,1.0,0.5768201689482259,0.19212303517467913,0.11222465835900813,0.010674800774589956,0.5762239027490457,1.0,0.5768201689482259,,
2026-05-14 18:21,5,1,1.0,0.394911645127896,0.011972504113420435,0.10644587158196894,0.04702023467276196,0.5663679317786707,1.0,0.394911645127896,0.6610169491525424,0.7646500678080553
2026-05-14 18:21,6,8,0.5,0.987956638676668,0.15473385565956965,0.253736366520772,0.2128769488633394,0.9679847103682088,4.0,7.903653109413344,0.6507936507936508,0.7794664753868965
2026-05-14 18:21,7,68,0.5735294117647058,0.8791005248208689,0.16635154590536996,0.16942659003592755,0.17804200636228718,1.0190542087836891,39.0,59.77883568781908,0.5909090909090909,0.8532633882190216
2026-05-14 18:21,8,17,0.47058823529411764,0.9683377423482068,0.2684258037360509,0.1588926116015719,0.1663635680456286,1.0543326093953773,8.0,16.461741619919515,0.5578947368421052,0.8959574971708216
2026-05-14 18:21,9,3,0.3333333333333333,0.8948692165820535,0.039471564924384965,0.3447307979789442,0.20467474879839528,0.8998059367583608,1.0,2.6846076497461606,0.5463917525773195,0.899213914556969
2026-05-14 18:21,10,12,0.5833333333333334,0.8200973136610442,0.1091300596246158,0.20720310206399153,0.20005477606234698,1.0094855827429665,7.0,9.84116776393253,0.5462962962962963,0.8950926465817651
2026-05-14 18:21,11,72,0.625,0.774801673066051,0.13582741713148724,0.16873958317504034,0.1583064622981449,0.9726191205207377,45.0,55.78572046075567,0.5813953488372093,0.8404190301289126
2026-05-14 18:21,12,33,0.42424242424242425,1.014303670161824,0.188543310722967,0.20804624893631365,0.21622070098362564,0.9527411657453048,14.0,33.47202111534019,0.5474452554744526,0.8631040774430224
2026-05-14 18:21,13,7,0.14285714285714285,1.2793124605328547,0.20805100761512652,0.3559804359410995,0.27409266495935014,0.9737343039902235,1.0,8.955187223729983,0.5354330708661418,0.8719583008937366
2026-05-14 18:21,14,21,0.5238095238095238,1.0599694276953184,0.16813935327226748,0.14565884197276852,0.295471065452318,0.9416753888438139,11.0,22.25935798160169,0.5379310344827586,0.8987134796231728
2026-05-14 18:21,15,2,0.5,0.6381140546640425,0.15061869733296027,0.20291904949873768,0.014359383911239877,0.9577642551330461,1.0,1.276228109328085,0.5333333333333333,0.9018408510426342
2026-05-14 18:21,16,17,0.5882352941176471,0.7137584956766343,0.15181409757763564,0.13804370495971535,0.12409045763940096,0.8737522322874556,10.0,12.133894426502783,0.4625,0.9762086107062842
2026-05-14 18:21,17,98,0.6326530612244898,0.8947568170604735,0.19519421213699248,0.19522691238287268,0.1304310718427467,0.987272079800394,62.0,87.6861680719264,0.5862068965517241,0.9124885228488893
2026-05-14 18:21,18,41,0.6097560975609756,0.8705608785018438,0.19262020459788073,0.2164239961054153,0.10620007166047757,0.9179573328081534,25.0,35.6929960185756,0.6089385474860335,0.8885399140108076
2026-05-14 18:21,19,12,0.8333333333333334,0.5275553035290614,0.084311731306496,0.09176215058508275,0.10531562440447385,1.1709583096179734,10.0,6.330663642348737,0.6352941176470588,0.8418820604040095
2026-05-14 18:21,20,1,0.0,1.2118540904005721,0.15365780709507876,0.4933026767345168,0.09632518695458263,0.02936084028672603,0.0,1.2118540904005721,0.6331360946745562,0.846482699702687
2026-05-14 18:21,21,23,0.5217391304347826,0.9887165815718808,0.26535708872607383,0.27498218426272725,0.06921455604963007,1.0887117568168356,12.0,22.74048137615326,0.6228571428571429,0.8780695039965976
2026-05-14 18:21,22,107,0.5887850467289719,0.9435664248630817,0.17817884035600848,0.19196225591890245,0.18085707772776943,1.098382363244557,62.99999999999999,100.96160746034974,0.5978260869565217,0.9072695792816734
2026-05-14 18:21,23,54,0.6296296296296297,0.9011387353455497,0.1770772126666328,0.2013749396859288,0.150807284110409,1.145818539817415,34.0,48.66149170865968,0.6040609137055838,0.9132289252685889
2026-05-14 18:21,24,2,0.5,1.0683362791521684,0.12457374929948536,0.3743595229880508,0.08016846756776014,1.0740160583381089,1.0,2.136672558304337,0.5882352941176471,0.9396369368656022
2026-05-14 18:21,25,2,1.0,0.5428261371323537,0.07712463210820865,0.063800071418146,0.13384480049523523,0.8416737618165326,2.0,1.0856522742647075,0.5957446808510638,0.9339675817964453
2026-05-14 18:21,26,26,0.46153846153846156,1.120535978162013,0.25611498427086626,0.22590863494460212,0.19748103817443885,1.1101547006719923,12.0,29.13393543221234,0.5863874345549738,0.9527715153601614
2026-05-14 18:21,27,5,0.4,1.2931880929810093,0.12439288158442734,0.426423182291372,0.3141992852857704,2.3259752018543596,2.0,6.465940464905047,0.5730337078651685,0.9829628363859113
2026-05-14 18:21,28,1,0.0,0.932144970556571,0.3675896118084285,0.2198992193236383,0.01886709863091563,1.3949319075898963,0.0,0.932144970556571,0.4722222222222222,1.1042873805623055
2026-05-14 18:21,29,17,0.7058823529411765,0.7986930387892826,0.20747366720928095,0.18178187868556284,0.07988045338343538,1.1306988244246645,12.0,13.577781659417804,0.5490196078431373,1.003832447085421
2026-05-14 18:21,30,113,0.6637168141592921,0.8107123931686169,0.14285524767587934,0.17648021640419134,0.15598967850175965,1.0650061097328825,75.0,91.61050042805371,0.6234567901234568,0.8748166849083054
2026-05-14 18:21,31,50,0.56,0.7676381649358522,0.11505098392635894,0.1570921888223145,0.1727310018976396,1.1764496894563643,28.000000000000004,38.38190824679261,0.6290322580645161,0.8116573966114288
2026-05-14 18:21,32,6,0.5,1.0366458054978958,0.2657404239365005,0.22676781752196187,0.10871660569924463,1.4994800934508978,3.0,6.219874832987374,0.6310160427807486,0.8060011237315938
2026-05-14 18:21,33,1,0.0,2.6895836915662876,0.8687932507530025,0.0248090244243451,0.5999772559597244,1.4465866701310484,0.0,2.6895836915662876,0.6310160427807486,0.8153991917583839
2026-05-14 18:21,34,5,0.2,1.568503346894604,0.3330374140502911,0.31316264210615696,0.3103058272772756,1.0630969972660727,1.0,7.842516734473019,0.6114285714285714,0.8385393367649886
2026-05-14 18:21,35,21,0.7142857142857143,0.6352866897128019,0.09818589831519334,0.10936083552291329,0.14356310561656704,0.8596278479058274,15.0,13.34102048396884,0.5662650602409639,0.8249988432504595
2026-05-14 18:21,36,103,0.6504854368932039,0.8188089215706685,0.1598394708371697,0.15756534371092362,0.15533545293264459,1.0358412094596152,67.0,84.33731892177886,0.6323529411764706,0.8413993725351058
2026-05-14 18:21,37,49,0.5510204081632653,1.0007766330209533,0.1666942860453395,0.2519580917869444,0.18794166190491404,1.1614663445970466,26.999999999999996,49.03805501802671,0.6145251396648045,0.8784832114514732
2026-05-14 18:21,38,6,0.5,0.9656286711219083,0.2553970921098736,0.09813550132250652,0.14724460604562598,0.9970251429915372,3.0,5.79377202673145,0.6141304347826086,0.8714819738314069
2026-05-14 18:21,39,19,0.5789473684210527,1.0119446306897537,0.25118470571543583,0.2222961568886046,0.14966879177895256,0.8644993608689062,11.0,19.22694798310532,0.6212121212121212,0.8673591638061171
2026-05-14 18:21,40,6,0.5,0.9239200758502237,0.24634871613641243,0.243028760916542,0.07847802346532998,1.7623537246852308,3.0,5.543520455101342,0.6065573770491803,0.8958448874576159
2026-05-14 18:21,41,2,0.5,0.6291679010577589,0.11090428727460433,0.24467274522108604,0.027780501141186263,0.8416883307498243,1.0,1.2583358021155178,0.5487804878048781,0.9861052595741505
2026-05-14 18:21,42,17,0.5882352941176471,0.7795186006499645,0.16862823986761535,0.20332524775169356,0.12479564281027225,0.9295912302094159,10.0,13.251816211049396,0.56,0.9014878495620604
2026-05-14 18:21,43,110,0.6727272727272727,0.7663092551800655,0.157154451735169,0.15068124698085936,0.13011411574889784,1.0924582587148521,74.0,84.29401806980721,0.6428571428571429,0.8024327176699921
2026-05-14 18:21,44,50,0.6,0.8876941121569678,0.17329463055955815,0.18054262818041336,0.1742910005924845,1.1131157078514935,30.0,44.38470560784839,0.6378378378378379,0.803958898086064
2026-05-14 18:21,45,8,0.625,0.7480217782760186,0.19685631376373974,0.19178847362409812,0.07230052203360754,0.7798116241731843,5.0,5.9841742262081485,0.6417112299465241,0.7977168444760891
2026-05-14 18:21,46,18,0.4444444444444444,1.150800762607787,0.18969050366458476,0.26603216402533314,0.21176825297707436,1.07679428520625,8.0,20.714413726940165,0.625615763546798,0.8306853588268637
2026-05-14 18:21,47,8,0.5,1.0975853922887957,0.06669166268775678,0.34748732097579577,0.2740943053615425,1.0375088878544039,4.0,8.780683138310366,0.6237113402061856,0.8461752307686303
2026-05-14 18:21,48,1,0.0,0.9998342578314122,0.007933764635297014,0.39949931347756107,0.2948358574527779,0.45707605034203747,0.0,0.9998342578314122,0.5529411764705883,0.9513389524369233
2026-05-14 18:21,49,20,0.6,0.8889799990491161,0.17195108862921185,0.18974538221648618,0.17353272122951918,1.1080798432669523,12.0,17.779599980982322,0.5272727272727272,0.9865219150958621
2026-05-14 18:21,50,104,0.5,0.9942016005257385,0.21395622813303883,0.21579231076049626,0.16590750839275215,1.1605278109807495,52.0,103.3969664546768,0.5033112582781457,1.004447003700272
2026-05-14 18:21,51,59,0.5932203389830508,0.8280513328986723,0.1583455321240591,0.1874031739730315,0.1481628749081515,0.9873979408541983,35.0,48.85502864102166,0.5364583333333334,0.9365214191292841
2026-05-14 18:21,52,2,0.5,0.8156003045811797,0.01289939960124201,0.2558436204036356,0.2524890399131651,1.5960637125085162,1.0,1.6312006091623594,0.5376344086021505,0.9282937093745943
2026-05-14 18:21,53,1,1.0,0.17032583382697392,0.0010144627065575259,0.01556490838228082,0.024526702486183858,3.021032836947273,1.0,0.17032583382697392,0.543010752688172,0.923833986664893
2026-05-14 18:21,54,1,1.0,0.33430609031814756,0.025580012804844707,0.08074995259812545,0.015432554626850632,0.5819085285597358,1.0,0.33430609031814756,0.5389221556886228,0.9244780097545267
2026-05-14 18:21,55,25,0.56,0.9027051351503265,0.1802831421055843,0.24563354773191956,0.13976745065400217,1.250725561955254,14.000000000000002,22.56762837875816,0.5909090909090909,0.8358919267396284
2026-05-14 18:21,56,6,0.5,0.9831679270670414,0.2536985897501777,0.28214399004842106,0.11475773394217138,0.7617298821985296,3.0,5.899007562402248,0.5714285714285714,0.8743562421276541
2026-05-14 18:21,57,1,1.0,0.4270938041755669,0.12082412538677903,0.05091005298234662,0.014875482403787315,1.7108165419885673,1.0,0.4270938041755669,0.5882352941176471,0.8646576961612089
2026-05-14 18:21,58,1,1.0,0.35313665452750875,0.007951018198102044,0.04340985931441683,0.08851744255214426,0.1388503971931958,1.0,0.35313665452750875,0.5882352941176471,0.8700344850053421
2026-05-14 18:21,59,14,0.6428571428571429,0.8926921501640308,0.1879954191604989,0.23626239737168755,0.11568482979622484,1.1787274422118033,9.0,12.497690102296431,0.5957446808510638,0.888182053237445
2026-05-14 18:21,60,107,0.5514018691588785,0.8958487707095163,0.17211641721944795,0.1695942274062882,0.17866188322689522,1.0781035149784832,58.99999999999999,95.85581846591825,0.565891472868217,0.8917267177466667
2026-05-14 18:21,61,47,0.5319148936170213,0.927431187772713,0.18329756821134688,0.22640876466556403,0.16059356863397894,1.257998873136158,25.0,43.58926582531751,0.5588235294117647,0.8983706167778545
2026-05-14 18:21,62,7,0.5714285714285714,0.9248589571042626,0.18857627874434457,0.18093021476954121,0.18581865089698385,1.036199309263145,4.0,6.474012699729838,0.5568181818181818,0.9021018394760769
2026-05-14 18:21,63,12,0.9166666666666666,0.7296754308861938,0.1764202311586456,0.11566629384374232,0.1140158812049595,0.8643520215799009,11.0,8.756105170634326,0.5775401069518716,0.8939726859031891
2026-05-14 18:21,64,6,0.6666666666666666,0.7879681934288262,0.17530081430967429,0.16551861639789212,0.10094379775397604,1.3471629272064742,4.0,4.727809160572957,0.5754189944134078,0.890519616324988
2026-05-14 18:21,65,1,1.0,0.5929007066766713,0.20005790117080238,0.12102578032239879,0.009878517018974011,0.6475299939950934,1.0,0.5929007066766713,0.6164383561643836,0.8786314186702917
2026-05-14 18:21,66,20,0.5,1.006982321615511,0.24767112324852086,0.22431457532565985,0.16685978119700318,1.1656617202820383,10.0,20.13964643231022,0.6521739130434783,0.8845755254331308
2026-05-14 18:21,67,101,0.6237623762376238,0.8278573487901401,0.15917693903582403,0.15724753361479818,0.15058207795347495,0.9908531015788757,63.0,83.61359222780415,0.6357142857142857,0.841643240699988
2026-05-14 18:21,68,53,0.6415094339622641,0.7524368362672755,0.1652784285677195,0.16653464048541558,0.11597305093350949,1.0261619719942456,34.0,39.8791523221656,0.6187845303867403,0.822945308560937
2026-05-14 18:21,69,5,1.0,0.355160421858454,0.0518595807671675,0.07086358519082912,0.05696647346093382,0.6494211703260483,5.0,1.77580210929227,0.6277777777777778,0.8111171877680495
2026-05-14 18:21,70,20,0.7,0.7579272723693451,0.1846583892880989,0.22801806278177547,0.04746594689378024,1.2267215787248895,14.0,15.158545447386903,0.6331658291457286,0.8068680328590911
2026-05-14 18:21,71,23,0.4782608695652174,0.9761296343767661,0.20023631388334281,0.24132316152273414,0.12306298568350124,1.1515057990155382,11.0,22.45098159066562,0.6287128712871287,0.8063270975114583
2026-05-14 18:21,72,2,0.5,0.9628729081858443,0.008248255970317772,0.3232530281875015,0.34403486350720525,2.076718626343606,1.0,1.9257458163716885,0.6310679611650486,0.7882546338435155
2026-05-14 18:21,73,16,0.6875,0.9456411702087004,0.2606491379080137,0.1566183482784241,0.10978233128877989,0.8936024307113157,11.0,15.130258723339207,0.6363636363636364,0.8551717225311468
2026-05-14 18:21,74,83,0.6385542168674698,0.7914833199977643,0.1563364567421439,0.18421229295810707,0.1339686228339687,1.06620963798723,52.99999999999999,65.69311555981444,0.625,0.8358239384554018
2026-05-14 18:21,75,49,0.673469387755102,0.7049518455518305,0.14445847700823125,0.14919016156116607,0.1201615996985744,1.16719681157829,33.0,34.5426404320397,0.630057803468208,0.8077615151574026
2026-05-14 18:21,76,11,0.45454545454545453,1.1927390874112906,0.25264461882763317,0.2410951151237546,0.20790649700201572,0.9831345207609204,5.0,13.120129961524198,0.639751552795031,0.8100117421931008
2026-05-14 18:21,77,9,0.4444444444444444,0.8484374610548961,0.2058325318757736,0.28901872535644013,0.039796290348829214,0.6774987460291191,4.0,7.635937149494065,0.6309523809523809,0.8102504870607835
2026-05-14 18:21,78,5,0.6,0.908837519519872,0.1307050306799264,0.2920655929295751,0.13719839009011178,0.8739349692786293,3.0,4.54418759759936,0.6242038216560509,0.7995924248437692
2026-05-14 18:21,79,1,1.0,0.43534759783022575,0.12458096039965973,0.10805769051092608,0.000587528418835138,1.152796221485184,1.0,0.43534759783022575,0.6133333333333333,0.803709903179834
2026-05-14 18:21,80,20,0.45,1.0440480006700728,0.2886372625938445,0.26842502211486513,0.09616966901268283,1.079118012224722,9.0,20.880960013401456,0.4782608695652174,1.0134035286923762
2026-05-14 18:21,81,104,0.5288461538461539,0.9442915264725903,0.20069736137460673,0.2123617400386189,0.16318116142577083,1.005147991171427,55.0,98.20631875314939,0.5179856115107914,0.9475018065573705
2026-05-14 18:21,82,58,0.6724137931034483,0.7984914388948248,0.19727193081485062,0.16952936321869586,0.096656018002365,1.0677020447919376,39.0,46.31250345589984,0.5691489361702128,0.9062729649887248
2026-05-14 18:21,83,2,0.0,1.1678071886732457,0.1951449400263564,0.3743051925550199,0.24080138462590442,1.5460322187402107,0.0,2.3356143773464915,0.5621621621621622,0.909031049716905
2026-05-14 18:21,84,1,1.0,0.7071677716980658,0.008855763718777368,0.17045033498139084,0.2570098410136925,1.2468792243778073,1.0,0.7071677716980658,0.5621621621621622,0.9105003479540283
2026-05-14 18:21,85,33,0.5454545454545454,0.9871448700277866,0.22885915340917196,0.22967663463404905,0.14677256687640533,1.0918690146264534,18.0,32.57578071091696,0.5707070707070707,0.9097847730758118
2026-05-14 18:21,86,6,0.5,0.8522206551319895,0.16804326700995675,0.1907163495193764,0.14468281746659375,0.7521090651266672,3.0,5.113323930791937,0.61,0.8704439024665329
2026-05-14 18:21,87,1,0.0,1.1499376781706083,0.46695833437736267,0.2482884210304489,0.03424646897743491,0.12863378440422535,0.0,1.1499376781706083,0.5116279069767442,0.9739959178819548
2026-05-14 18:21,88,1,1.0,1.035890549750586,0.4161408823450073,0.09899273137985921,0.10920296653420716,0.16765409713835355,1.0,1.035890549750586,0.5476190476190477,0.9662404914601941
2026-05-14 18:21,89,14,0.5714285714285714,0.9508293314686632,0.19773229490798375,0.2384354576077466,0.1580565107782236,1.1267156852117677,8.0,13.311610640561286,0.5454545454545454,0.9670280638216614
2026-05-14 18:21,90,104,0.5673076923076923,0.8510802854241882,0.16537369137500946,0.19326163318386266,0.14932229260914895,1.1152238596180342,59.0,88.51234968411558,0.5634920634920635,0.866056448280873
2026-05-14 18:21,91,45,0.6,0.8979205914661801,0.14985438228736583,0.1908412975360766,0.19723367976293682,1.0463389035995287,27.0,40.406426615978106,0.5757575757575758,0.8752497889004617
2026-05-14 18:21,92,11,0.45454545454545453,1.1737421777229051,0.2656421419229043,0.1841671791511428,0.21078892341286382,1.1495964836249302,5.0,12.911163954951956,0.5714285714285714,0.8924425225449001
2026-05-14 18:21,93,13,0.7692307692307693,0.5879530672696694,0.09733298431300255,0.13045645715215065,0.10419746373652251,0.77751555934738,10.0,7.6433898745057025,0.5828877005347594,0.8705077046530088
2026-05-14 18:21,94,6,0.8333333333333334,0.6870167168159224,0.1410307417877583,0.14386058156293333,0.12192929182939537,0.6764839228412359,5.0,4.122100300895534,0.5921787709497207,0.8580750303376922
2026-05-14 18:21,95,1,0.0,2.7103500514182977,0.6091674691291789,0.023407368489312876,0.8713970092995047,0.23193277272330004,0.0,2.7103500514182977,0.618421052631579,0.892018826286179
2026-05-14 18:21,96,13,0.46153846153846156,0.9344921711798797,0.22961494283947737,0.1619845014586056,0.16414011909928355,1.2240286052882563,6.0,12.148398225338436,0.5909090909090909,0.8985318728888623
2026-05-14 18:21,97,90,0.5666666666666667,0.9007712850145435,0.1862423013752906,0.19852757556330522,0.15752278911545406,1.0581879195053632,51.0,81.06941565130892,0.5853658536585366,0.8755581634428203
2026-05-14 18:21,98,51,0.5686274509803921,0.903563049404313,0.15855228101457952,0.16556218309968918,0.2009568831207742,1.0239055849380272,29.0,46.08171551961996,0.5652173913043478,0.9076520481278333
2026-05-14 18:21,99,6,0.5,0.7975690688316699,0.08692341984665426,0.23817827309652406,0.17527196391162225,0.9303312824667057,3.0,4.785414412990019,0.5527950310559007,0.9117720115569915
2026-05-14 18:21,100,7,0.5714285714285714,0.8212079095517336,0.1104307647360929,0.1902541770734698,0.19274073417275042,1.8043813406052867,4.0,5.748455366862135,0.5568862275449101,0.8972059830905358
2026-05-14 18:21,101,12,0.5,0.8619878214068969,0.10184939522004172,0.26258639186726085,0.1618303204275799,1.3534604576533538,6.0,10.343853856882763,0.5602409638554217,0.891740089202794
2026-05-14 18:21,102,2,0.5,0.6651165141132469,0.17232164722711624,0.24785705290626317,0.006920886278463746,0.1429349190774839,1.0,1.3302330282264938,0.5512820512820513,0.8755086177510435
2026-05-14 18:21,103,16,0.75,0.6445796677370456,0.062225249303583544,0.15747040691765074,0.13268414677230825,1.0758227196573265,12.0,10.313274683792729,0.6046511627906976,0.7563077057849804
2026-05-14 18:21,104,78,0.5897435897435898,0.9078247632400473,0.20526331195975386,0.19708480847173712,0.14642264871684438,1.0774834030411249,46.0,70.8103315327237,0.6,0.8569230301607638
2026-05-14 18:21,105,46,0.5217391304347826,0.9514020745196403,0.1667771117015868,0.23600216524349144,0.1720782173375316,1.0136542799681236,24.0,43.764495427903455,0.577922077922078,0.8867674579839555
2026-05-14 18:21,106,21,0.5238095238095238,0.8694118718699616,0.09647929095583316,0.2148865850127001,0.2101760999395132,1.1072831466084148,11.0,18.257649309269194,0.5766871165644172,0.8863557299504023
2026-05-14 18:21,107,26,0.5384615384615384,0.9567658226896281,0.18263383663029278,0.26631738338560673,0.13238780739882602,0.7516112570751914,14.0,24.87591138993033,0.5721925133689839,0.8985115633348633
2026-05-14 18:21,108,7,0.5714285714285714,1.00941298017575,0.19036861955172915,0.19703293247679157,0.18755282459274708,0.7549379156765588,4.0,7.065890861230251,0.5561797752808989,0.9256981939385222
2026-05-14 18:21,109,17,0.5294117647058824,1.1949653502092252,0.201647565157319,0.20414172011571233,0.2844717640592641,1.0382286914919965,9.0,20.31441095355683,0.5299145299145299,0.9767381020674366
2026-05-14 18:21,110,106,0.6509433962264151,0.8142350327960958,0.16972075509025303,0.1704685089805789,0.13021774131234404,1.0466657178522487,69.0,86.30891347638615,0.6045197740112994,0.8860043841263998
2026-05-14 18:21,111,49,0.6122448979591837,0.8867386276147355,0.18025345135348284,0.20159398494066852,0.14548124156465186,1.1061071872493937,30.0,43.45019275312204,0.6146341463414634,0.8878796069962225
2026-05-14 18:21,112,11,0.5454545454545454,0.7468444679932535,0.16140092756004457,0.19901867913977053,0.09161378994853032,1.2961699695249542,6.0,8.21528914792579,0.6210526315789474,0.8702878799590582
2026-05-14 18:21,113,1,1.0,0.6068903409589528,0.20698574915797704,0.11869251265070742,0.012196787712052447,0.6101101665593802,1.0,0.6068903409589528,0.625,0.8635635688692923
2026-05-14 18:21,114,1,1.0,0.3409693555030683,0.08347436273139337,0.021817510279817102,0.019940768343646706,2.3076769292117287,1.0,0.3409693555030683,0.6369047619047619,0.8269181849636669
2026-05-14 18:21,115,14,0.42857142857142855,1.2518535685072938,0.21213287431750247,0.28867549820161603,0.23217697978434607,0.9189217750829836,6.0,17.525949959102114,0.5789473684210527,0.9228854152185787
2026-05-14 18:21,116,99,0.6363636363636364,0.817439171579412,0.15721803001654824,0.19119906593760588,0.13687104753564552,0.9517335500239004,63.0,80.92647798636179,0.6111111111111112,0.8540918792845376
2026-05-14 18:21,117,42,0.5714285714285714,0.8784083207049769,0.1853891046569634,0.19896297194273366,0.16096470872779373,1.1049284587100197,24.0,36.89314946960903,0.6050955414012739,0.8681110644046812
2026-05-14 18:21,118,7,0.5714285714285714,0.6344919417260696,0.20123938365457186,0.08930000335380492,0.10256283657302658,1.2149335292500472,4.0,4.4414435920824875,0.6012269938650306,0.8596809224702975
2026-05-14 18:21,119,1,1.0,0.25373248683974775,0.0023226656418077864,0.030943139266251744,0.05022110690164216,0.8901830565104039,1.0,0.25373248683974775,0.6012269938650306,0.8591457269570257
2026-05-14 18:21,120,42,0.6190476190476191,0.8235004574441591,0.16610385331787084,0.18592874171494844,0.1605928177945408,1.5238980597477534,26.0,34.58701921265468,0.6178010471204188,0.8225226321861139
2026-05-14 18:21,121,48,0.5625,0.931747746330902,0.19432107614743713,0.17817577465405765,0.14735535764780852,1.1759946767684906,27.0,44.72389182388329,0.5857142857142857,0.8635659756076375
2026-05-14 18:21,122,10,0.8,0.7322657844449162,0.0698026678067861,0.24902253225615706,0.10849334978713346,0.9028277608623702,8.0,7.322657844449162,0.6111111111111112,0.8456365274065684
2026-05-14 18:21,123,38,0.5789473684210527,0.9091754081940133,0.14566420990111612,0.21228059702266372,0.19204430324553537,0.9108170725568538,22.0,34.548665511372505,0.60431654676259,0.8736400494906431
2026-05-14 18:21,124,11,0.5454545454545454,1.1812292549177923,0.2764304237226168,0.2078174689351826,0.2360377877685907,0.990839653530869,6.0,12.993521804095716,0.5973154362416108,0.9005084308486938
2026-05-14 18:21,125,40,0.575,0.9121906351823419,0.18640792392915523,0.21845788538715033,0.14896420001580776,0.944885577506621,23.0,36.48762540729368,0.5850340136054422,0.9256895400754719
2026-05-14 18:21,126,6,0.8333333333333334,0.5687977714721618,0.11184526126532988,0.1390514345063825,0.061317905224748316,0.7158358990413592,5.0,3.412786628832971,0.6095238095238096,0.9025262590099432
2026-05-14 18:21,127,47,0.6382978723404256,0.7513990367457494,0.1532456630314837,0.18121746963991145,0.11102678391141474,1.2155389691641563,30.0,35.31575472705022,0.6056338028169014,0.864495451258064
2026-05-14 18:21,128,46,0.5652173913043478,0.9456360389727425,0.17884559168066322,0.20826317425155533,0.16858908119031538,1.1275584855312066,25.999999999999996,43.49925779274616,0.6,0.878059642400125
2026-05-14 18:21,129,2,0.5,1.346497213167848,0.40260782555663466,0.043440508913699515,0.36794453689921,0.3104080670331135,1.0,2.692994426335696,0.6028368794326241,0.861052616895452
2026-05-14 18:21,130,5,1.0,0.2989648527625973,0.028533461800235953,0.038145605635371616,0.0540262583392925,0.8931876085724382,5.0,1.4948242638129865,0.6320754716981132,0.8152416777243211
2026-05-14 18:21,131,13,0.46153846153846156,1.2240069753533882,0.21985918350297687,0.3116419705458844,0.18084257731175038,0.9917577011688226,6.0,15.912090679594046,0.6017699115044248,0.8753532910578683
2026-05-14 18:21,132,3,0.6666666666666666,1.1532171815207866,0.3074067949246486,0.42930836883451357,0.03744878265703262,1.1926876288441377,2.0,3.4596515445623597,0.5797101449275363,0.9718669377833515
2026-05-14 18:21,133,4,0.25,1.138074887963037,0.30220783424875103,0.20840127890834526,0.1636302475553578,1.3590669264091566,1.0,4.552299551852148,0.5555555555555556,1.0411800172650834
2026-05-14 18:21,134,50,0.48,0.9383472356059009,0.1632541942197573,0.2528851068083398,0.17012770131681498,1.072507099690467,24.0,46.917361780295046,0.5066666666666667,0.9644830376015545
2026-05-14 18:21,135,25,0.72,0.6743928704989526,0.10559544073411228,0.20749554828458144,0.0920580374417204,1.103492253695183,18.0,16.859821762473814,0.5368421052631579,0.9231707928292361
2026-05-14 18:21,136,4,1.0,0.2290409345554358,0.009013596366413908,0.048826484703716116,0.05168932517855539,1.0416844574721151,4.0,0.9161637382217432,0.5697674418604651,0.8454104462488968
2026-05-14 18:21,137,3,1.0,0.3083398902139194,0.0776705010800981,0.02729872173423911,0.015183892355635602,0.6161239917109921,3.0,0.9250196706417582,0.5813953488372093,0.8159379825986572
2026-05-14 18:21,138,8,0.625,0.6470720998737809,0.17252744145978266,0.10966160859690226,0.09859010460918809,1.115227895983886,5.0,5.176576798990247,0.6,0.7866104861180291
2026-05-14 18:21,139,3,0.6666666666666666,1.0283433523408296,0.21495427685706167,0.2557321414850315,0.20200795704101748,1.0388859593840836,2.0,3.0850300570224887,0.7441860465116279,0.627037489008141
2026-05-14 18:21,140,17,0.6470588235294118,1.0178053835135146,0.20786050911727158,0.1532435278229498,0.2167247790725412,0.7010171083971148,11.0,17.30269151972975,0.7142857142857143,0.7830137652744571
2026-05-14 18:21,141,93,0.5591397849462365,0.9229679518918439,0.19838606478291404,0.16024853984517087,0.17951291214261378,1.0244869293600807,51.99999999999999,85.83601952594148,0.5887096774193549,0.905849496551014
2026-05-14 18:21,142,44,0.5454545454545454,0.8530051879540078,0.1784383631538473,0.16071445071406584,0.1760337163608139,1.1015827867073062,24.0,37.53222826997634,0.5696969696969697,0.9026214919494564
2026-05-14 18:21,143,12,0.75,0.5709119864224127,0.10805369705482509,0.15881219534317415,0.05185668372896073,0.8805087504545807,9.0,6.850943837068952,0.5798816568047337,0.8911651669215327
2026-05-14 18:21,144,13,0.5384615384615384,0.7988204468732769,0.13456713923882396,0.18979030852471143,0.15681945384117396,1.0468982038057386,7.0,10.3846658093526,0.5754189944134078,0.8821594914082076
2026-05-14 18:21,145,4,0.25,1.595986922826146,0.5099568857733483,0.46513368091375606,0.026881231353208714,0.6217392129894657,1.0,6.383947691304584,0.5602409638554217,0.8854687056243613
2026-05-14 18:21,146,1,1.0,0.11059573471086453,0.010961961273593541,0.006037599434869297,0.0007288592865194665,0.5270896571198054,1.0,0.11059573471086453,0.5675675675675675,0.827870018140721
2026-05-14 18:21,147,18,0.6111111111111112,0.8968596708361629,0.18664584068712087,0.25016014961048066,0.08935598140929164,1.28818407547911,11.0,16.143474075050932,0.6041666666666666,0.8307005655726655
2026-05-14 18:21,148,104,0.6923076923076923,0.7496187772342242,0.16047776093050728,0.15266880791822632,0.1264628798935579,1.0781643923110331,72.0,77.96035283235932,0.6571428571428571,0.7927359724484164
2026-05-14 18:21,149,51,0.6078431372549019,0.8294335767067594,0.13237023954034718,0.20280567439443223,0.15358588054291292,1.1603131972499445,30.999999999999996,42.30111241204473,0.651685393258427,0.8028060828397215
2026-05-14 18:21,150,8,0.5,1.140151175792217,0.20780273397205284,0.26454320267168574,0.23131782556402794,0.6418538299522432,4.0,9.121209406337735,0.6538461538461539,0.8002018926401296
2026-05-14 18:21,151,24,0.5,0.9947573144587821,0.20676311710563824,0.2409072559660439,0.1559692345184567,0.8278234836992936,12.0,23.874175547010772,0.6341463414634146,0.8263430452331879
2026-05-14 18:21,152,21,0.6190476190476191,0.9041822874456025,0.13709608878608487,0.22738708646494768,0.14839273396154906,0.9060993626282943,13.0,18.98782803635765,0.6346153846153846,0.8280994145870684
2026-05-14 18:21,153,108,0.5925925925925926,0.9057027922147388,0.1431742773136613,0.20111962483007312,0.19329319932695307,1.0332638656611703,64.0,97.81590155919179,0.5849056603773585,0.9061331460421824
2026-05-14 18:21,154,49,0.673469387755102,0.7593483931532864,0.14196024708195215,0.20893327813731438,0.09539591654598305,1.1622542846904462,33.0,37.208071264511034,0.6,0.8905104086352807
2026-05-14 18:21,155,7,0.5714285714285714,0.8319002255793537,0.2906550712396018,0.1675964070798872,0.05500742849403487,0.8829555467583138,4.0,5.823301579055476,0.6028708133971292,0.878991760699171
2026-05-14 18:21,156,13,0.5384615384615384,0.9265024713902149,0.1542765527552724,0.23557360983612396,0.16698613728180184,1.086921099910379,7.0,12.044532128072793,0.6111111111111112,0.8680789624605493
2026-05-14 18:21,157,4,1.0,0.3822104699820559,0.06507662613660517,0.07314439405246921,0.05653356495460919,1.5274225280715554,4.0,1.5288418799282235,0.6187845303867403,0.8531527536506041
2026-05-14 18:21,158,1,0.0,1.5839409119461862,0.631762731498924,0.0492526833128766,0.3282208017951368,3.573350283391031,0.0,1.5839409119461862,0.6486486486486487,0.7863336184258611
2026-05-14 18:21,159,17,0.5882352941176471,0.9183276339153492,0.11559126468344506,0.24186311032435254,0.1928910461813947,1.338480584886018,10.0,15.611569776560938,0.5952380952380952,0.8712425303705628
2026-05-14 18:21,160,91,0.5384615384615384,0.9172801087148071,0.20038891733555242,0.20507462904160348,0.15080180590516537,1.1740282722991642,49.0,83.47248989304745,0.5555555555555556,0.9066775761075843
2026-05-14 18:21,161,47,0.574468085106383,0.8820766082832531,0.18799004958337034,0.17353520671492623,0.1547179920007068,1.0644451237393997,27.000000000000004,41.4576005893129,0.5625,0.8978402690674733
2026-05-14 18:21,162,11,1.0,0.3267394049935196,0.07171496787398025,0.04876698875470566,0.025849251874381963,1.4661662741821428,11.0,3.594133454928716,0.5808383233532934,0.8725732612323126
2026-05-14 18:21,163,21,0.6190476190476191,0.9159718755702244,0.1353416846134492,0.23665016183013438,0.1848835537684506,1.2812769193487423,13.0,19.235409386974712,0.5882352941176471,0.8736427973306136
2026-05-14 18:21,164,18,0.3888888888888889,1.1019955570082862,0.25424736784571983,0.20829888539987224,0.19953989127226243,1.2727788071201336,7.0,19.835920026149154,0.5691489361702128,0.8914657093107072
2026-05-14 18:21,165,1,1.0,0.5160095039847515,0.0003550480232258515,0.16249144835034907,0.14765541115521122,0.3096114333886053,1.0,0.5160095039847515,0.6020408163265306,0.8636640098096966
2026-05-14 18:21,166,20,0.65,1.0626210152107103,0.22865255426865638,0.17803936453248856,0.1975996624125749,1.1976146364283398,13.0,21.252420304214205,0.6338028169014085,0.9075196151584727
2026-05-14 18:21,167,83,0.5301204819277109,0.916689021387295,0.19916646850123945,0.2011314514685433,0.15084115178025445,1.0293847622738794,44.0,76.08518877514548,0.5454545454545454,0.957517118856422
2026-05-14 18:21,168,47,0.574468085106383,0.9424871105971575,0.20110088387990685,0.23235207657762647,0.14840344828291696,1.188080748363428,27.000000000000004,44.296894198066404,0.5443786982248521,0.9584996024115979
2026-05-14 18:21,169,8,0.5,0.8945571568659751,0.29410597791887483,0.18017714853497177,0.08372871892366213,0.9742139195920112,4.0,7.156457254927801,0.559748427672956,0.9390375473983565
2026-05-14 18:21,170,30,0.5666666666666667,0.8082288543342799,0.16910731922271585,0.1739182205508946,0.1371441423013692,1.1038444837233066,17.0,24.2468656300284,0.5585106382978723,0.9204139689488423
2026-05-14 18:21,171,5,0.6,1.1367776827865559,0.15516446063123193,0.3545913565838584,0.19231044318113896,1.3343389951741067,3.0,5.683888413932779,0.5491329479768786,0.9102271345208145
2026-05-14 18:21,172,19,0.47368421052631576,0.9037473258656866,0.163861510874613,0.24708114544451468,0.1537913797800095,1.0671317696351768,9.0,17.171199191448046,0.5504587155963303,0.9041771072330594
2026-05-14 18:21,173,106,0.5377358490566038,1.000769593947469,0.23217160355268815,0.20187377610291357,0.15874532403880126,1.1394916727189373,57.0,106.08157695843171,0.5357142857142857,0.9544046871950522
2026-05-14 18:21,174,52,0.6538461538461539,0.765858139387379,0.12731289553700684,0.1544864798263343,0.15053776981590927,1.0248699173588212,34.0,39.82462324814371,0.5660377358490566,0.9104158181225693
2026-05-14 18:21,175,9,0.6666666666666666,0.717460951169516,0.1451253405709451,0.19570278797436524,0.0742946588337573,1.2528721971333037,6.0,6.457148560525644,0.5706806282722513,0.9173740124213714
2026-05-14 18:21,176,19,0.5789473684210527,0.7681907315423488,0.1293793552980479,0.1950796507460594,0.15295309173351757,0.9654893526836406,11.0,14.595623899304629,0.5707317073170731,0.8981959602822136
2026-05-14 18:21,177,5,0.8,0.4650383712000057,0.14524481405545897,0.036063521004498354,0.07258890723889358,0.9226695207564262,4.0,2.3251918560000284,0.5863874345549738,0.8863045262953181
2026-05-14 18:21,178,23,0.5217391304347826,0.9738587599646161,0.21125875719462142,0.23491208105163477,0.14644987783014426,0.8297376427119647,12.0,22.39875147918617,0.6203703703703703,0.7926049911403723
2026-05-14 18:21,179,105,0.5904761904761905,0.9180554263322425,0.16430788416190292,0.20529942459888018,0.17663519659195742,1.173555000009233,62.0,96.39581976488546,0.5900621118012422,0.8830592270801365
2026-05-14 18:21,180,50,0.48,1.0993289239257427,0.22845413907869663,0.2493367511902737,0.17392957850728702,1.3044328990970018,24.0,54.96644619628713,0.5594059405940595,0.9439694712656607
2026-05-14 18:21,181,8,0.375,1.2723353998427052,0.19579033888570713,0.22828278369063137,0.36692514730418047,1.2152037029850509,3.0,10.178683198741641,0.5497382198952879,0.9752088612308925
2026-05-14 18:21,182,24,0.5833333333333334,0.9726840307772994,0.18050052755685994,0.21841453847926698,0.16789018663860542,1.1362444352849244,14.0,23.344416738655184,0.5476190476190477,0.9870672256083601
2026-05-14 18:21,183,15,0.6,0.8616207917415694,0.17082868340623333,0.17382565520412124,0.15800166243446315,0.9928876776170757,9.0,12.924311876123541,0.5544554455445545,0.979255830567787
2026-05-14 18:21,184,1,1.0,0.5447063300522529,0.004696244847807602,0.12352325736505454,0.17638984416660172,1.1630704476180878,1.0,0.5447063300522529,0.5204081632653061,1.0403935136720386
2026-05-14 18:22,185,17,0.35294117647058826,1.0969038849982131,0.20242514246782628,0.25018552602864136,0.2194333260445601,1.3585520447787496,6.0,18.647366044969623,0.5076923076923077,1.0098382182852657
2026-05-14 18:22,186,88,0.6022727272727273,0.8220007659163577,0.1511074601942829,0.19412511820209108,0.13354060719694474,1.0675634614922587,53.0,72.33606740063948,0.5724137931034483,0.881357713037518
2026-05-14 18:22,187,51,0.6666666666666666,0.7209668627024829,0.1510881716758771,0.1810692956842363,0.09487711994144142,1.1160499137154025,34.0,36.769309997826625,0.5988372093023255,0.8210567537768113
2026-05-14 18:22,188,9,0.3333333333333333,0.9964235378848166,0.20475046377469816,0.2736261257082587,0.16536850535942907,0.8746686605448315,3.0,8.96781184096335,0.5843373493975904,0.8268991663521167
2026-05-14 18:22,189,20,0.4,1.0814161626808265,0.20384916133940117,0.25537063885027067,0.21209337710014514,1.0128891584953696,8.0,21.62832325361653,0.5621621621621622,0.8559398839892737
2026-05-14 18:22,190,8,0.625,0.8342009965743095,0.17320941253579797,0.17652695291641374,0.1274189612108399,0.9610659762710285,5.0,6.673607972594476,0.5852272727272727,0.8316768208275028
2026-05-14 18:22,191,20,0.65,0.8211917216666746,0.14400898994257325,0.17418753848090507,0.16594447859012385,1.1461084846103007,13.0,16.423834433333493,0.5833333333333334,0.8376193286882824
2026-05-14 18:22,192,106,0.5566037735849056,0.9527685876242203,0.18892701101536247,0.2063624840328115,0.16890470798063179,0.9638694626744252,59.0,100.99347028816736,0.5398773006134969,0.9490002931820566
2026-05-14 18:22,193,51,0.5686274509803921,0.8495032241820745,0.14847248965822135,0.20188048489416638,0.16566222711611478,1.2560339243239433,29.0,43.3246644332858,0.5560975609756098,0.9221653677121838
2026-05-14 18:22,194,6,0.8333333333333334,0.9497156879140828,0.20787817171724274,0.16635377343565794,0.10168794090429412,1.4181765790213772,5.0,5.6982941274844965,0.581151832460733,0.9063553468841133
2026-05-14 18:22,195,32,0.5,0.8387149707823225,0.1473197516535693,0.2175349924511736,0.14316548329611498,0.8831968404801551,16.0,26.83887906503432,0.5674418604651162,0.8989727551037464
2026-05-14 18:22,196,9,0.5555555555555556,0.8008093716430166,0.24911734602473926,0.16747387151925774,0.07629007008816281,1.4799421062444356,5.0,7.2072843447871495,0.5588235294117647,0.9022676091115645
2026-05-14 18:22,197,3,1.0,0.25002030025900807,0.05692453754041433,0.04499026625455586,0.0007139908318245623,0.9589896945218315,3.0,0.7500609007770243,0.5742574257425742,0.8298928997165229
2026-05-14 18:22,198,19,0.631578947368421,0.8112960855202903,0.15124259916856392,0.19089186353679602,0.14478690969696156,1.1525214978237444,12.0,15.414625624885517,0.5942028985507246,0.8102774501879498
2026-05-14 18:22,199,99,0.5959595959595959,0.840518154843198,0.16687712288781525,0.18113870638896887,0.1431867096090782,1.142065650558736,58.99999999999999,83.21129732947661,0.5864197530864198,0.8235935016355596
2026-05-14 18:22,200,56,0.6607142857142857,0.8338330613305824,0.17978434226888843,0.1429616550048402,0.1672691123035094,1.1385024058764364,37.0,46.694651434512615,0.6236559139784946,0.8240748367442954
2026-05-14 18:22,201,1,0.0,2.130025012523477,0.6794338965195833,0.7764529530210316,0.003236230382358439,1.6209185482147959,0.0,2.130025012523477,0.6235955056179775,0.8325879792257037
2026-05-14 18:22,202,5,0.4,0.9400928674117806,0.3332270818673274,0.09226054793634428,0.12976928141056635,0.7013653163969104,2.0,4.700464337058903,0.6111111111111112,0.8452836874358731
2026-05-14 18:22,203,4,0.5,1.3133474440541402,0.4333942786741838,0.4206605864950228,0.007965692009983032,1.2584053945582347,2.0,5.253389776216561,0.6060606060606061,0.8605444114532618
2026-05-14 18:22,204,31,0.5161290322580645,0.9224683964090048,0.19655072156675268,0.19550464369957848,0.15525343611837686,0.9055068182820633,16.0,28.596520288679148,0.5876288659793815,0.9007737200926882
2026-05-14 18:22,205,4,0.75,0.8783720945110497,0.23259893227116774,0.08559445445541645,0.19648747361574714,1.099812093659227,3.0,3.513488378044199,0.5111111111111111,0.9820863953893851
2026-05-14 18:22,206,3,0.6666666666666666,0.5615775506105604,0.10205458747743525,0.19053000432441639,0.026309405090944583,0.6193000170936246,2.0,1.684732651831681,0.5319148936170213,0.9308211794006497
2026-05-14 18:22,207,4,0.25,0.997642419824663,0.11441822241723872,0.38453747574477726,0.1275483012900735,0.8217108540015082,1.0,3.990569679298652,0.5217391304347826,0.9356239298710932
2026-05-14 18:22,208,6,0.3333333333333333,1.069390207235388,0.233214634926436,0.33252087220405885,0.15282823310389085,1.0850650471284031,2.0,6.416341243412328,0.5,0.9208677550263761
2026-05-14 18:22,209,43,0.5581395348837209,0.9320853270881669,0.19042174252465713,0.25097419510327373,0.12958813845655964,1.0825213723933047,24.0,40.079669064791176,0.5333333333333333,0.9280800169563013
2026-05-14 18:22,210,64,0.640625,0.8784595303211534,0.17696621819257696,0.17462408300149554,0.16338659688522356,1.0439800189999486,41.0,56.22140994055382,0.5833333333333334,0.9032726881657308
2026-05-14 18:22,211,41,0.5853658536585366,0.8073839109950403,0.10956303480029869,0.2435919774228388,0.1252333171585145,1.0658357167449342,24.0,33.10274035079665,0.5822784810126582,0.8848780397395739
2026-05-14 18:22,212,55,0.5454545454545454,0.9262364592759277,0.20283289676063554,0.2108099485835949,0.16392801164727736,1.1664034683142313,29.999999999999996,50.94300526017602,0.5789473684210527,0.8936036644006222
2026-05-14 18:22,213,5,0.6,0.9137433833071913,0.2399306881677857,0.05262385447072472,0.22037753849631275,1.2999856538132044,3.0,4.568716916535957,0.5865384615384616,0.889017026600258
2026-05-14 18:22,214,4,0.25,0.9144139424947131,0.04258880292776529,0.2924895030152792,0.24935363289103235,1.0785656241414887,1.0,3.6576557699788523,0.5857988165680473,0.8786599304026115
2026-05-14 18:22,215,1,1.0,0.2948391214433741,0.06520291964155599,0.0349145488458466,0.004691465265703782,2.0918769554287184,1.0,0.2948391214433741,0.5566037735849056,0.8732731831974613
2026-05-14 18:22,216,22,0.6363636363636364,0.8987050251764778,0.16408012957042772,0.23847018971998935,0.1348070907684315,0.9491614237929528,14.0,19.77151055388251,0.5632183908045977,0.9107554899082385
2026-05-14 18:22,217,99,0.6060606060606061,0.9371709978174283,0.187208203675436,0.18125832023682814,0.17055751892383428,1.1280011937866945,60.0,92.7799287839254,0.6030534351145038,0.9242187110363828
2026-05-14 18:22,218,46,0.5217391304347826,0.9544419729598931,0.1959055686177523,0.20780151993314708,0.17039451592716154,1.164687127132009,24.0,43.90433075615508,0.5813953488372093,0.9326061917754958
2026-05-14 18:22,219,8,0.25,1.5638029814356682,0.4007216061322769,0.3047103263643618,0.2085011436924626,0.8171445933219142,2.0,12.510423851485346,0.5738636363636364,0.9617104151527941
2026-05-14 18:22,220,15,0.6,1.1434345225656684,0.26995524718986863,0.21912354079560403,0.14752814677214338,1.2442075810936961,9.0,17.151517838485024,0.5736842105263158,0.9795669041259655
2026-05-14 18:22,221,2,0.5,0.7128935862500683,0.15078629921163278,0.17978192426651113,0.11665764592113567,1.2915738672334989,1.0,1.4257871725001365,0.5647058823529412,0.9868940494267708
2026-05-14 18:22,222,2,0.0,1.345312805600992,0.06943887891006542,0.3623590475450611,0.4811150116994519,1.3633901767930516,0.0,2.690625611201984,0.4931506849315068,1.0641463730113372
2026-05-14 18:22,223,18,0.6666666666666666,0.6692807091559336,0.16694190991669045,0.17355505042337893,0.060277605883069456,1.003690153283329,12.0,12.047052764806805,0.5333333333333333,1.0183423830773186
2026-05-14 18:22,224,92,0.5108695652173914,1.0045955372835016,0.18076725678631225,0.21081052868508976,0.20561595592662554,0.8898918906245121,47.00000000000001,92.42278943008215,0.5348837209302325,0.9747114171866367
2026-05-14 18:22,225,43,0.6511627906976745,0.8211244037280866,0.16205623591748164,0.1868149408417069,0.1333578976304707,0.9519395375716728,28.000000000000004,35.30834936030772,0.5605095541401275,0.9165261422859798
2026-05-14 18:22,226,6,0.5,0.8677683132534678,0.19707923807233288,0.1868188194396855,0.15468735175525453,0.8453532996021518,3.0,5.206609879520807,0.5590062111801243,0.9172386773038479
2026-05-14 18:22,227,24,0.7083333333333334,0.6580769272788181,0.09047882044739008,0.15235469984662328,0.13310409871549467,1.1747427661313712,17.0,15.793846254691633,0.5846994535519127,0.8785718452973178
2026-05-14 18:22,228,17,0.5882352941176471,0.9346419028454687,0.20902410441570388,0.14618490766714967,0.16179014635263567,1.2303763351187538,10.0,15.888912348372967,0.576923076923077,0.9045082817196446
2026-05-14 18:22,229,8,0.75,0.578646835178575,0.07850310715567732,0.16242835153366478,0.09534036791406612,1.16560403307671,6.0,4.6291746814286,0.6530612244897959,0.7839478829012426
2026-05-14 18:22,230,20,0.8,0.6806411856804295,0.12075541902949212,0.1812236380988584,0.1042641800693455,1.0388243260560421,16.0,13.612823713608591,0.6933333333333334,0.7350848917016352
2026-05-14 18:22,231,101,0.6831683168316832,0.7634389516044429,0.14140471511205657,0.18321526913711406,0.13392423618960494,1.1717923113850337,69.0,77.10733411204873,0.6941176470588235,0.7472475947655915
2026-05-14 18:22,232,43,0.5813953488372093,0.8881259916606473,0.168513395650158,0.2040362938355082,0.17300554636620405,1.2373268711954486,25.0,38.189417641407836,0.6666666666666666,0.7906225528934749
2026-05-14 18:22,233,10,0.6,0.8747365282307105,0.20149208948530356,0.20930826136250671,0.09551444326335515,1.6209201332347842,6.0,8.747365282307104,0.6703296703296703,0.7817918430263785
2026-05-14 18:22,234,4,0.5,1.2247655018748163,0.14344124229498115,0.3681624737416308,0.2775632596034296,0.8506141651329014,2.0,4.899062007499265,0.6629213483146067,0.8008764199824246
2026-05-14 18:22,235,1,0.0,2.726778103244464,0.853745517847921,0.873421536562719,0.0001120789888783919,1.197276758779899,0.0,2.726778103244464,0.6415094339622641,0.8281129380283487
2026-05-14 18:22,236,25,0.44,1.0566199673379193,0.2350185269165489,0.1715211047398688,0.21403280571665395,1.1394233810833374,11.0,26.41549918344798,0.5301204819277109,0.9756400267217672
2026-05-14 18:22,237,104,0.6057692307692307,0.8525016768762542,0.16028305958934538,0.18471714476589146,0.1566964412040424,1.056767776903473,62.99999999999999,88.66017439513044,0.5694444444444444,0.9128394373029811
2026-05-14 18:22,238,48,0.625,0.7439473353598295,0.15947693128343202,0.19035583679449844,0.09601022253868109,0.9948274686255373,30.0,35.709472097271814,0.5824175824175825,0.8703900317944724
2026-05-14 18:22,239,8,0.625,0.8631949296217106,0.16779993863799086,0.1594002266377713,0.18701430077740122,1.4375853148699538,5.0,6.905559436973685,0.5860215053763441,0.8624595871831635
2026-05-14 18:22,240,18,0.5555555555555556,0.7556069303677506,0.21365508723916563,0.15334624695959068,0.0970941162057879,1.0076315951840675,10.0,13.600924746619512,0.5862068965517241,0.8438011323125294
2026-05-14 18:22,241,55,0.6909090909090909,0.7088064300271066,0.14541807929792908,0.14563627241672167,0.12581402654091003,1.0881218076389687,38.0,38.98435365149086,0.6266094420600858,0.7891007911050916
2026-05-14 18:22,242,51,0.6078431372549019,0.8696976968537818,0.15840229267094014,0.20212899287342231,0.15973918063404555,0.922103333250259,30.999999999999996,44.354582539542875,0.6333333333333333,0.7753049581772153
2026-05-14 18:22,243,11,0.45454545454545453,0.9858070795961319,0.12950688697011276,0.21759064152615493,0.23825160038068588,1.0475822429118173,5.0,10.843877875557451,0.6223776223776224,0.8020230646866043
